<?xml version="1.0" encoding="UTF-8"?><rss version="2.0"
	xmlns:content="http://purl.org/rss/1.0/modules/content/"
	xmlns:wfw="http://wellformedweb.org/CommentAPI/"
	xmlns:dc="http://purl.org/dc/elements/1.1/"
	xmlns:atom="http://www.w3.org/2005/Atom"
	xmlns:sy="http://purl.org/rss/1.0/modules/syndication/"
	xmlns:slash="http://purl.org/rss/1.0/modules/slash/"
	>

<channel>
	<title>AMMINISTRAZIONE COMUNALE &#8211; Sezze Day</title>
	<atom:link href="/category/comune/feed/" rel="self" type="application/rss+xml" />
	<link>/</link>
	<description></description>
	<lastBuildDate>Wed, 01 Mar 2023 15:17:26 +0000</lastBuildDate>
	<language>it-IT</language>
	<sy:updatePeriod>
	hourly	</sy:updatePeriod>
	<sy:updateFrequency>
	1	</sy:updateFrequency>
	<generator>https://wordpress.org/?v=6.1.1</generator>
	<item>
		<title>ELEZIONI COMUNALI 2021 &#8211; RISULTATI COMUNE DI SEZZE (LAZIO)</title>
		<link>/2023/03/01/elezioni-comunali-2021-risultati-comune-di-sezze-lazio/</link>
					<comments>/2023/03/01/elezioni-comunali-2021-risultati-comune-di-sezze-lazio/#respond</comments>
		
		<dc:creator><![CDATA[zidane]]></dc:creator>
		<pubDate>Wed, 01 Mar 2023 15:17:24 +0000</pubDate>
				<category><![CDATA[AMMINISTRAZIONE COMUNALE]]></category>
		<guid isPermaLink="false">/?p=19</guid>

					<description><![CDATA[28-02-2023 Spoglio completato a Sezze: eletto Lidano Lucidi con 6.655 voti, pari al 69,8% dei voti. Sconfitta per Sergio Di Raimo, dietro con il 30,2% dei voti. Vince il candidato civico Lidano Lucidi. Il sindaco eletto Lidano Lucidi otterrà un premio di maggioranza per garantirgli il controllo del Consiglio comunale: le liste che lo sostenevano al primo turno si divideranno i seggi proporzionalmente in base ai voti presi.]]></description>
										<content:encoded><![CDATA[
<p>28-02-2023</p>



<div class="wp-block-media-text alignwide has-media-on-the-right is-stacked-on-mobile is-vertically-aligned-top"><div class="wp-block-media-text__content">
<p>Spoglio completato a Sezze: eletto Lidano Lucidi con 6.655 voti, pari al 69,8% dei voti. Sconfitta per Sergio Di Raimo, dietro con il 30,2% dei voti. Vince il candidato civico Lidano Lucidi. Il sindaco eletto Lidano Lucidi otterrà un premio di maggioranza per garantirgli il controllo del Consiglio comunale: le liste che lo sostenevano al primo turno si divideranno i seggi proporzionalmente in base ai voti presi.</p>
</div><figure class="wp-block-media-text__media"><img decoding="async" width="775" height="277" src="/wp-content/uploads/2023/03/elezioni-sezze.png" alt="" class="wp-image-20 size-full" srcset="/wp-content/uploads/2023/03/elezioni-sezze.png 775w, /wp-content/uploads/2023/03/elezioni-sezze-300x107.png 300w, /wp-content/uploads/2023/03/elezioni-sezze-768x274.png 768w" sizes="(max-width: 775px) 100vw, 775px" /></figure></div>
]]></content:encoded>
					
					<wfw:commentRss>/2023/03/01/elezioni-comunali-2021-risultati-comune-di-sezze-lazio/feed/</wfw:commentRss>
			<slash:comments>0</slash:comments>
		
		
			</item>
		<item>
		<title>SEZZE, DISAGI ALLE ATTIVITÀ DEL CENTRO STORICO. PD: “SERVONO 50MILA EURO PER RISARCIRLE”</title>
		<link>/2023/03/01/sezze-disagi-alle-attivita-del-centro-storico-pd-servono-50mila-euro-per-risarcirle/</link>
					<comments>/2023/03/01/sezze-disagi-alle-attivita-del-centro-storico-pd-servono-50mila-euro-per-risarcirle/#respond</comments>
		
		<dc:creator><![CDATA[zidane]]></dc:creator>
		<pubDate>Wed, 01 Mar 2023 14:07:50 +0000</pubDate>
				<category><![CDATA[AMMINISTRAZIONE COMUNALE]]></category>
		<guid isPermaLink="false">/?p=12</guid>

					<description><![CDATA[comunicato stampa del 23.02.2023 “Perché non si sono create le condizioni per ridurre al minimo i disagi alle attività commerciali del centro storico? Perché tutti questi ritardi nell’esecuzione dei lavori? Perché i lavori non sono stati eseguiti in un periodo diverso? Registriamo molte lamentele, ma non entriamo nel merito della bontà dei lavori eseguiti, saranno i cittadini a fare le loro valutazioni definitive quando potranno ripercorrere quel tratto di strada.Una cosa, però, è certa: sono stati fatti errori di programmazione e di gestione che hanno portato disagi enormi a tutte le attività commerciali della zona con danni importanti sia dal &#8230;<p class="read-more"> <a class="" href="/2023/03/01/sezze-disagi-alle-attivita-del-centro-storico-pd-servono-50mila-euro-per-risarcirle/"> <span class="screen-reader-text">SEZZE, DISAGI ALLE ATTIVITÀ DEL CENTRO STORICO. PD: “SERVONO 50MILA EURO PER RISARCIRLE”</span> Leggi altro &#187;</a></p>]]></description>
										<content:encoded><![CDATA[
<p>comunicato stampa del 23.02.2023</p>



<div class="wp-block-media-text alignwide is-stacked-on-mobile has-small-font-size" style="grid-template-columns:15% auto"><figure class="wp-block-media-text__media"><img decoding="async" width="147" height="220" src="/wp-content/uploads/2023/03/armando-casali.png" alt="" class="wp-image-13 size-full"/></figure><div class="wp-block-media-text__content">
<p>“Perché non si sono create le condizioni per ridurre al minimo i disagi alle attività commerciali del centro storico? Perché tutti questi ritardi nell’esecuzione dei lavori? Perché i lavori non sono stati eseguiti in un periodo diverso?</p>



<p>Registriamo molte lamentele, ma non entriamo nel merito della bontà dei lavori eseguiti, saranno i cittadini a fare le loro valutazioni definitive quando potranno ripercorrere quel tratto di strada.<br>Una cosa, però, è certa: sono stati fatti errori di programmazione e di gestione che hanno portato disagi enormi a tutte le attività commerciali della zona con danni importanti sia dal punto di vista economico che dal punto di vista morale, danni di cui l’ente non può non tener conto.</p>



<p>Non si può far finta di nulla, non si può guardare dall’altra parte, è necessario che il bilancio di previsione del 2023, di imminente approvazione, contenga un capitolo di spesa specifico per risarcimento danni alle attività commerciali del centro storico con uno stanziamento di almeno 50.000 euro.<br>Si perché riteniamo che quei negozi vadano aiutati a superare la grave crisi in cui versano, cagionata certamente dal periodo della pandemia ma fortemente aggravata dalla scelta inadeguata di questa nuova amministrazione.&#8221;</p>
</div></div>



<hr class="wp-block-separator has-alpha-channel-opacity"/>
]]></content:encoded>
					
					<wfw:commentRss>/2023/03/01/sezze-disagi-alle-attivita-del-centro-storico-pd-servono-50mila-euro-per-risarcirle/feed/</wfw:commentRss>
			<slash:comments>0</slash:comments>
		
		
			</item>
	</channel>
</rss>
