<?xml version="1.0" encoding="UTF-8"?><rss version="2.0"
	xmlns:content="http://purl.org/rss/1.0/modules/content/"
	xmlns:wfw="http://wellformedweb.org/CommentAPI/"
	xmlns:dc="http://purl.org/dc/elements/1.1/"
	xmlns:atom="http://www.w3.org/2005/Atom"
	xmlns:sy="http://purl.org/rss/1.0/modules/syndication/"
	xmlns:slash="http://purl.org/rss/1.0/modules/slash/"
	>

<channel>
	<title>CRONACA &#8211; Sezze Day</title>
	<atom:link href="/category/cronaca/feed/" rel="self" type="application/rss+xml" />
	<link>/</link>
	<description></description>
	<lastBuildDate>Wed, 01 Mar 2023 16:04:49 +0000</lastBuildDate>
	<language>it-IT</language>
	<sy:updatePeriod>
	hourly	</sy:updatePeriod>
	<sy:updateFrequency>
	1	</sy:updateFrequency>
	<generator>https://wordpress.org/?v=6.1.1</generator>
	<item>
		<title>Comune sempre più digitale: in arrivo oltre 330 mila euro dal Pnrr</title>
		<link>/2023/03/01/comune-sempre-piu-digitale-in-arrivo-oltre-330-mila-euro-dal-pnrr/</link>
					<comments>/2023/03/01/comune-sempre-piu-digitale-in-arrivo-oltre-330-mila-euro-dal-pnrr/#respond</comments>
		
		<dc:creator><![CDATA[zidane]]></dc:creator>
		<pubDate>Wed, 01 Mar 2023 16:02:25 +0000</pubDate>
				<category><![CDATA[CRONACA]]></category>
		<guid isPermaLink="false">/?p=31</guid>

					<description><![CDATA[Sezze&#160;&#8211; Approvati i due finanziamenti ai progetti presentati dal Comune: un nuovo sito web e integrazione delle Api ai sistemi tecnologici del Comune Digitale? Il Comune di Sezze si fa trovare pronto. Nei giorni scorsi, infatti, il Dipartimento della Trasformazione Digitale ha comunicato all&#8217;ente l&#8217;approvazione di due nuovi finanziamenti. Il primo è un finanziamento di 280.932 euro per la realizzazione di un sito web d&#8217;accordo agli standard normativi, più innovativo e accessibile. A dettagliare del progetto accolto dal dipartimento è stata l&#8217;assessore Lola Fernandez, che ha spiegato: &#8220;L&#8217;intervento finanziato servirà a facilitare l&#8217;utilizzo del sito web comunale da parte dei &#8230;<p class="read-more"> <a class="" href="/2023/03/01/comune-sempre-piu-digitale-in-arrivo-oltre-330-mila-euro-dal-pnrr/"> <span class="screen-reader-text">Comune sempre più digitale: in arrivo oltre 330 mila euro dal Pnrr</span> Leggi altro &#187;</a></p>]]></description>
										<content:encoded><![CDATA[<div class="wp-block-post-date"><time datetime="2023-03-01T17:02:25+01:00">1 Marzo 2023</time></div>


<p><strong><a rel="noreferrer noopener" href="https://www.latinaoggi.eu/comune/sezze" target="_blank">Sezze</a></strong>&nbsp;&#8211; Approvati i due finanziamenti ai progetti presentati dal Comune: un nuovo sito web e integrazione delle Api ai sistemi tecnologici del Comune</p>



<div class="wp-block-media-text alignwide is-stacked-on-mobile"><figure class="wp-block-media-text__media"><img decoding="async" width="767" height="388" src="/wp-content/uploads/2023/03/comune-sezze.png" alt="" class="wp-image-32 size-full" srcset="/wp-content/uploads/2023/03/comune-sezze.png 767w, /wp-content/uploads/2023/03/comune-sezze-300x152.png 300w" sizes="(max-width: 767px) 100vw, 767px" /></figure><div class="wp-block-media-text__content">
<p>Digitale? Il Comune di Sezze si fa trovare pronto. Nei giorni scorsi, infatti, il Dipartimento della Trasformazione Digitale ha comunicato all&#8217;ente l&#8217;approvazione di due nuovi finanziamenti. Il primo è un finanziamento di 280.932 euro per la realizzazione di un sito web d&#8217;accordo agli standard normativi, più innovativo e accessibile. A dettagliare del progetto accolto dal dipartimento è stata l&#8217;assessore Lola Fernandez, che ha spiegato: &#8220;L&#8217;intervento finanziato servirà a facilitare l&#8217;utilizzo del sito web comunale da parte dei cittadini e sarà integrato con 5 nuovi servizi online. ll cittadino direttamente dal sito potrà pagare contravvenzioni, richiedere il permesso per il parcheggio invalidi, richiedere il permesso per il passo carrabile, pagare l&#8217;IMU e pagare il Canone Unico Patrimoniale&#8221;.</p>
</div></div>
]]></content:encoded>
					
					<wfw:commentRss>/2023/03/01/comune-sempre-piu-digitale-in-arrivo-oltre-330-mila-euro-dal-pnrr/feed/</wfw:commentRss>
			<slash:comments>0</slash:comments>
		
		
			</item>
		<item>
		<title>Chiude lo storico negozio in centro: «I tempi sono cambiati»</title>
		<link>/2023/03/01/chiude-lo-storico-negozio-in-centro-i-tempi-sono-cambiati/</link>
					<comments>/2023/03/01/chiude-lo-storico-negozio-in-centro-i-tempi-sono-cambiati/#respond</comments>
		
		<dc:creator><![CDATA[zidane]]></dc:creator>
		<pubDate>Wed, 01 Mar 2023 15:52:25 +0000</pubDate>
				<category><![CDATA[CRONACA]]></category>
		<guid isPermaLink="false">/?p=28</guid>

					<description><![CDATA[Sezze&#160;&#8211; Chiude anche l’ultimo negozio di scarpe del centro storico, dopo 52 anni Lidia Luccone dice basta Chiude l&#8217;ultimo negozio di calzature di Sezze centro. Lo storico negozio aperto 52 anni fa da Lidia Luccone abbasserà le serrande nei prossimi giorni. Esaurita l&#8217;ultima merce, il bel negozio di via Piagge Marine sarà solo un ricordo, come lo fu il primo, quello aperto nella centralissima via Gioberti. Altri tempi altra memoria. &#8220;Non eravamo in molti al tempo – ricorda Lilia – ma lavorano tutti: c&#8217;era Tamurrini, Papaverone, noi avevamo le scarpe più buone, e le pagavamo tanto, erano le Vignano, le &#8230;<p class="read-more"> <a class="" href="/2023/03/01/chiude-lo-storico-negozio-in-centro-i-tempi-sono-cambiati/"> <span class="screen-reader-text">Chiude lo storico negozio in centro: «I tempi sono cambiati»</span> Leggi altro &#187;</a></p>]]></description>
										<content:encoded><![CDATA[<div class="wp-block-post-date"><time datetime="2023-03-01T16:52:25+01:00">1 Marzo 2023</time></div>


<p><strong><a rel="noreferrer noopener" href="https://www.latinaoggi.eu/comune/sezze" target="_blank">Sezze</a></strong>&nbsp;&#8211; Chiude anche l’ultimo negozio di scarpe del centro storico, dopo 52 anni Lidia Luccone dice basta</p>



<div class="wp-block-media-text alignwide is-stacked-on-mobile" style="grid-template-columns:25% auto"><figure class="wp-block-media-text__media"><img decoding="async" width="815" height="614" src="/wp-content/uploads/2023/03/foto-lidia.png" alt="" class="wp-image-29 size-full" srcset="/wp-content/uploads/2023/03/foto-lidia.png 815w, /wp-content/uploads/2023/03/foto-lidia-300x226.png 300w, /wp-content/uploads/2023/03/foto-lidia-768x579.png 768w" sizes="(max-width: 815px) 100vw, 815px" /></figure><div class="wp-block-media-text__content">
<p>Chiude l&#8217;ultimo negozio di calzature di Sezze centro. Lo storico negozio aperto 52 anni fa da Lidia Luccone abbasserà le serrande nei prossimi giorni. Esaurita l&#8217;ultima merce, il bel negozio di via Piagge Marine sarà solo un ricordo, come lo fu il primo, quello aperto nella centralissima via Gioberti. Altri tempi altra memoria. &#8220;Non eravamo in molti al tempo – ricorda Lilia – ma lavorano tutti: c&#8217;era Tamurrini, Papaverone, noi avevamo le scarpe più buone, e le pagavamo tanto, erano le Vignano, le Sanson, oggi i marchi più confortevoli non fanno più breccia nemmeno tra le donne più anziane, che un tempo ci tenevano ad indossare una scarpa comoda. Nulla, oggi si va al mercato, nei centri commerciali a caccia dell&#8217;affare degli sconti speciali o si attende il fine stagione&#8221;. Com&#8217;è cambiato questo settore? &#8220;Non è mai cambiato, perché gli ordini vanno fatti con sei mesi d&#8217;anticipo e devi essere certo di cosa acquisiti se vuoi stare sulla piazza.</p>
</div></div>



<p></p>



<figure class="wp-block-embed is-type-video is-provider-youtube wp-block-embed-youtube wp-embed-aspect-16-9 wp-has-aspect-ratio"><div class="wp-block-embed__wrapper">
<div class="ast-oembed-container" style="height: 100%;"><iframe title="Perché il made in Italy vale di più?" width="1200" height="675" src="https://www.youtube.com/embed/3mvC777ctLk?feature=oembed" frameborder="0" allow="accelerometer; autoplay; clipboard-write; encrypted-media; gyroscope; picture-in-picture; web-share" allowfullscreen></iframe></div>
</div></figure>
]]></content:encoded>
					
					<wfw:commentRss>/2023/03/01/chiude-lo-storico-negozio-in-centro-i-tempi-sono-cambiati/feed/</wfw:commentRss>
			<slash:comments>0</slash:comments>
		
		
			</item>
	</channel>
</rss>
