<?xml version="1.0" encoding="UTF-8"?><rss version="2.0"
	xmlns:content="http://purl.org/rss/1.0/modules/content/"
	xmlns:dc="http://purl.org/dc/elements/1.1/"
	xmlns:atom="http://www.w3.org/2005/Atom"
	xmlns:sy="http://purl.org/rss/1.0/modules/syndication/"
	
	>
<channel>
	<title>
	Commenti a: Comune sempre più digitale: in arrivo oltre 330 mila euro dal Pnrr	</title>
	<atom:link href="/2023/03/01/comune-sempre-piu-digitale-in-arrivo-oltre-330-mila-euro-dal-pnrr/feed/" rel="self" type="application/rss+xml" />
	<link>/2023/03/01/comune-sempre-piu-digitale-in-arrivo-oltre-330-mila-euro-dal-pnrr/</link>
	<description></description>
	<lastBuildDate>Wed, 01 Mar 2023 16:04:33 +0000</lastBuildDate>
	<sy:updatePeriod>
	hourly	</sy:updatePeriod>
	<sy:updateFrequency>
	1	</sy:updateFrequency>
	<generator>https://wordpress.org/?v=6.1.1</generator>
</channel>
</rss>
